Sub-Category,Sales
Phones,330007.0539999998
Chairs,328449.10300000064
Storage,223843.60799999998
Tables,206965.53199999995
Binders,203412.73300000004
Machines,189238.631
Accessories,167380.318
Copiers,149528.02999999994
Bookcases,114879.9963
Appliances,107532.1610000001
Furnishings,91705.16399999989
Paper,78479.20599999995
Supplies,46673.53799999997
Art,27118.791999999998
Envelopes,16476.402
Labels,12486.312000000005
Fasteners,3024.2799999999997
